縣市代碼,縣市名稱,鄉鎮市區代碼,鄉鎮市區名稱,性比例,戶量,人口密度,扶養比,扶幼比,扶老比,老化指數
"65000","新北市","65000010","板橋區",93.9500000000000000,2.48,23906.03,44.33,18.08,26.25,145.21
"65000","新北市","65000020","三重區",95.7500000000000000,2.40,23400.13,40.54,14.88,25.66,172.52
"65000","新北市","65000030","中和區",92.8100000000000000,2.35,20152.25,42.39,13.93,28.45,204.17
"65000","新北市","65000040","永和區",89.6000000000000000,2.33,37536.32,49.93,17.04,32.89,193.07
"65000","新北市","65000050","新莊區",94.4200000000000000,2.55,21416.59,39.36,18.51,20.85,112.63
"65000","新北市","65000060","新店區",91.4400000000000000,2.27,2517.94,43.60,12.86,30.74,239.09
"65000","新北市","65000070","樹林區",98.7900000000000000,2.64,5445.26,38.23,17.03,21.20,124.51
"65000","新北市","65000080","鶯歌區",99.8600000000000000,2.64,4201.70,36.83,16.87,19.96,118.34
"65000","新北市","65000090","三峽區",99.2100000000000000,2.55,603.74,38.97,18.50,20.47,110.66
"65000","新北市","65000100","淡水區",90.9900000000000000,2.15,2710.21,40.31,15.10,25.21,166.98
"65000","新北市","65000110","汐止區",94.3500000000000000,2.21,2923.53,35.80,13.02,22.78,175.04
"65000","新北市","65000120","瑞芳區",101.5600000000000000,2.34,529.38,41.43,11.55,29.88,258.58
"65000","新北市","65000130","土城區",96.0100000000000000,2.56,8111.12,36.65,15.91,20.74,130.32
"65000","新北市","65000140","蘆洲區",95.4900000000000000,2.67,26919.48,35.28,16.32,18.96,116.20
"65000","新北市","65000150","五股區",99.7300000000000000,2.49,2641.47,33.53,15.16,18.37,121.17
"65000","新北市","65000160","泰山區",97.2200000000000000,2.61,4028.64,38.40,17.51,20.89,119.27
"65000","新北市","65000170","林口區",94.2500000000000000,2.43,2414.63,44.12,25.70,18.42,71.67
"65000","新北市","65000180","深坑區",98.9900000000000000,2.38,1151.00,35.99,11.78,24.21,205.61
"65000","新北市","65000190","石碇區",119.9500000000000000,2.16,49.96,47.00,8.50,38.50,453.00
"65000","新北市","65000200","坪林區",116.9000000000000000,2.54,38.09,54.74,9.68,45.07,465.60
"65000","新北市","65000210","三芝區",106.1900000000000000,2.28,335.85,42.20,11.30,30.90,273.48
"65000","新北市","65000220","石門區",108.8600000000000000,2.56,211.49,37.83,9.47,28.36,299.46
"65000","新北市","65000230","八里區",98.6200000000000000,2.41,1045.95,35.62,14.34,21.28,148.40
"65000","新北市","65000240","平溪區",127.1300000000000000,1.93,58.80,57.47,6.01,51.46,856.88
"65000","新北市","65000250","雙溪區",120.1500000000000000,2.23,54.76,55.03,8.77,46.26,527.59
"65000","新北市","65000260","貢寮區",103.8500000000000000,2.60,110.80,42.21,6.53,35.68,545.97
"65000","新北市","65000270","金山區",97.1900000000000000,2.82,416.43,37.12,10.79,26.33,244.17
"65000","新北市","65000280","萬里區",99.1100000000000000,2.78,330.69,42.52,10.96,31.56,287.90
"65000","新北市","65000290","烏來區",94.9600000000000000,3.29,19.53,43.72,19.00,24.73,130.16
"63000","臺北市","63000010","松山區",87.2600000000000000,2.40,20733.44,57.74,22.13,35.61,160.94
"63000","臺北市","63000020","信義區",89.6000000000000000,2.32,18378.79,51.11,15.84,35.27,222.71
"63000","臺北市","63000030","大安區",86.5300000000000000,2.43,25541.57,61.55,23.58,37.97,161.03
"63000","臺北市","63000040","中山區",85.1200000000000000,2.14,15730.85,50.79,16.78,34.02,202.75
"63000","臺北市","63000050","中正區",89.6700000000000000,2.29,19703.43,58.34,24.84,33.50,134.89
"63000","臺北市","63000060","大同區",92.3500000000000000,2.27,21069.44,50.28,17.98,32.30,179.70
"63000","臺北市","63000070","萬華區",94.4500000000000000,2.19,19583.49,48.06,13.05,35.01,268.34
"63000","臺北市","63000080","文山區",90.6900000000000000,2.40,8243.17,46.60,18.02,28.58,158.62
"63000","臺北市","63000090","南港區",93.7200000000000000,2.37,5216.00,44.81,16.75,28.06,167.48
"63000","臺北市","63000100","內湖區",89.9700000000000000,2.48,8722.56,44.85,19.63,25.22,128.48
"63000","臺北市","63000110","士林區",92.2600000000000000,2.47,4274.02,51.31,17.29,34.03,196.85
"63000","臺北市","63000120","北投區",91.3900000000000000,2.45,4260.58,49.58,18.63,30.95,166.08
"68000","桃園市","68000010","桃園區",92.6700000000000000,2.48,13435.90,40.41,20.08,20.33,101.25
"68000","桃園市","68000020","中壢區",95.3100000000000000,2.52,5596.89,40.52,19.91,20.62,103.56
"68000","桃園市","68000030","大溪區",102.7100000000000000,2.70,901.54,41.96,17.73,24.23,136.65
"68000","桃園市","68000040","楊梅區",99.7200000000000000,2.69,2007.62,38.83,19.46,19.36,99.47
"68000","桃園市","68000050","蘆竹區",97.5700000000000000,2.66,2230.77,37.56,20.41,17.15,84.06
"68000","桃園市","68000060","大園區",102.6100000000000000,2.61,985.87,38.81,19.01,19.80,104.16
"68000","桃園市","68000070","龜山區",97.7900000000000000,2.35,2442.22,37.89,17.61,20.28,115.18
"68000","桃園市","68000080","八德區",98.1700000000000000,2.64,6275.80,40.46,19.82,20.64,104.17
"68000","桃園市","68000090","龍潭區",98.5700000000000000,2.72,1671.32,41.49,18.44,23.06,125.07
"68000","桃園市","68000100","平鎮區",97.4400000000000000,2.73,4794.11,40.42,19.92,20.50,102.91
"68000","桃園市","68000110","新屋區",112.4300000000000000,2.73,579.76,44.20,16.15,28.05,173.66
"68000","桃園市","68000120","觀音區",106.5200000000000000,2.66,838.70,36.77,17.60,19.18,108.99
"68000","桃園市","68000130","復興區",111.4300000000000000,3.28,37.29,42.41,22.07,20.34,92.16
"66000","臺中市","66000010","中區",96.2400000000000000,2.17,20165.85,64.86,29.16,35.70,122.42
"66000","臺中市","66000020","東區",97.1100000000000000,2.53,8209.14,41.50,15.92,25.58,160.69
"66000","臺中市","66000030","南區",91.1000000000000000,2.45,18540.11,35.78,16.27,19.50,119.85
"66000","臺中市","66000040","西區",89.1800000000000000,2.41,19898.50,48.29,20.63,27.66,134.03
"66000","臺中市","66000050","北區",90.2300000000000000,2.33,20696.35,43.42,16.05,27.37,170.59
"66000","臺中市","66000060","西屯區",90.9800000000000000,2.49,5874.29,39.20,20.56,18.64,90.68
"66000","臺中市","66000070","南屯區",90.7600000000000000,2.55,5768.90,37.68,21.25,16.44,77.34
"66000","臺中市","66000080","北屯區",90.4700000000000000,2.55,4796.33,39.49,19.83,19.67,99.18
"66000","臺中市","66000090","豐原區",96.6600000000000000,2.91,3981.30,44.03,19.46,24.57,126.25
"66000","臺中市","66000100","東勢區",103.7800000000000000,2.71,405.82,47.79,13.91,33.88,243.45
"66000","臺中市","66000110","大甲區",100.2700000000000000,3.05,1279.10,44.21,19.73,24.48,124.07
"66000","臺中市","66000120","清水區",103.6600000000000000,2.83,1397.66,41.43,17.91,23.52,131.36
"66000","臺中市","66000130","沙鹿區",100.4600000000000000,2.93,2420.02,41.47,22.70,18.77,82.65
"66000","臺中市","66000140","梧棲區",100.1800000000000000,2.97,3636.70,40.10,20.09,20.01,99.58
"66000","臺中市","66000150","后里區",101.1300000000000000,3.11,911.49,42.83,18.35,24.48,133.41
"66000","臺中市","66000160","神岡區",103.6000000000000000,3.13,1835.87,39.74,16.79,22.95,136.69
"66000","臺中市","66000170","潭子區",96.8200000000000000,2.83,4211.62,36.94,17.46,19.48,111.56
"66000","臺中市","66000180","大雅區",98.7000000000000000,3.04,2949.32,37.13,19.40,17.73,91.40
"66000","臺中市","66000190","新社區",106.3800000000000000,2.95,336.74,44.71,13.34,31.37,235.22
"66000","臺中市","66000200","石岡區",106.8000000000000000,2.87,776.31,44.64,12.91,31.73,245.72
"66000","臺中市","66000210","外埔區",104.2300000000000000,3.08,733.89,38.44,15.19,23.25,153.06
"66000","臺中市","66000220","大安區",111.8600000000000000,3.19,1598.83,39.52,12.95,26.57,205.16
"66000","臺中市","66000230","烏日區",98.8600000000000000,2.71,1827.52,39.43,19.10,20.33,106.47
"66000","臺中市","66000240","大肚區",103.4000000000000000,2.95,1514.87,39.21,16.32,22.89,140.28
"66000","臺中市","66000250","龍井區",100.6100000000000000,3.07,2055.88,36.57,17.87,18.70,104.64
"66000","臺中市","66000260","霧峰區",102.0700000000000000,3.00,653.38,42.15,16.25,25.89,159.31
"66000","臺中市","66000270","太平區",96.8600000000000000,2.77,1632.90,38.89,18.76,20.13,107.29
"66000","臺中市","66000280","大里區",95.2500000000000000,2.83,7352.21,39.04,19.34,19.70,101.85
"66000","臺中市","66000290","和平區",113.4800000000000000,2.30,10.46,43.65,14.05,29.60,210.74
"67000","臺南市","67000010","新營區",96.7400000000000000,2.50,1947.01,45.92,17.18,28.74,167.33
"67000","臺南市","67000020","鹽水區",108.3300000000000000,2.39,465.99,45.96,12.99,32.97,253.92
"67000","臺南市","67000030","白河區",108.9800000000000000,2.46,206.28,54.13,11.72,42.40,361.78
"67000","臺南市","67000040","柳營區",108.2900000000000000,2.52,332.80,45.51,11.54,33.98,294.56
"67000","臺南市","67000050","後壁區",106.6900000000000000,2.50,300.97,52.73,10.43,42.30,405.66
"67000","臺南市","67000060","東山區",113.9400000000000000,2.39,154.55,50.30,10.16,40.14,395.10
"67000","臺南市","67000070","麻豆區",102.3100000000000000,2.63,796.41,47.71,15.59,32.12,206.02
"67000","臺南市","67000080","下營區",106.5900000000000000,2.41,673.15,48.65,12.91,35.74,276.89
"67000","臺南市","67000090","六甲區",106.7900000000000000,2.63,315.17,45.80,14.10,31.69,224.77
"67000","臺南市","67000100","官田區",103.9200000000000000,2.54,294.44,39.74,12.19,27.55,225.89
"67000","臺南市","67000110","大內區",116.5100000000000000,2.41,125.14,53.91,9.78,44.13,451.34
"67000","臺南市","67000120","佳里區",97.5500000000000000,2.67,1495.91,44.03,16.20,27.83,171.81
"67000","臺南市","67000130","學甲區",105.2800000000000000,2.51,457.99,42.16,12.01,30.15,251.03
"67000","臺南市","67000140","西港區",101.3400000000000000,2.77,734.78,40.88,13.84,27.03,195.28
"67000","臺南市","67000150","七股區",107.1800000000000000,2.69,193.60,43.68,11.57,32.11,277.58
"67000","臺南市","67000160","將軍區",104.1600000000000000,2.60,439.88,44.85,9.46,35.39,374.13
"67000","臺南市","67000170","北門區",101.3400000000000000,2.51,228.96,39.10,8.55,30.54,357.00
"67000","臺南市","67000180","新化區",102.6100000000000000,2.83,686.71,42.58,14.52,28.06,193.32
"67000","臺南市","67000190","善化區",100.6900000000000000,2.56,942.40,46.25,22.95,23.30,101.53
"67000","臺南市","67000200","新市區",100.9500000000000000,2.73,785.91,41.13,19.45,21.68,111.49
"67000","臺南市","67000210","安定區",105.1900000000000000,2.78,958.84,39.39,14.53,24.86,171.14
"67000","臺南市","67000220","山上區",111.7800000000000000,2.55,250.91,45.00,11.46,33.54,292.59
"67000","臺南市","67000230","玉井區",106.8400000000000000,2.53,171.93,51.22,12.04,39.18,325.55
"67000","臺南市","67000240","楠西區",111.1800000000000000,2.55,80.13,49.79,9.43,40.36,428.03
"67000","臺南市","67000250","南化區",115.8900000000000000,2.89,46.96,51.92,11.18,40.74,364.25
"67000","臺南市","67000260","左鎮區",132.8400000000000000,2.32,57.17,55.71,6.51,49.20,755.87
"67000","臺南市","67000270","仁德區",100.9000000000000000,2.57,1520.67,39.54,15.46,24.08,155.73
"67000","臺南市","67000280","歸仁區",101.5300000000000000,2.83,1228.18,40.14,17.19,22.95,133.56
"67000","臺南市","67000290","關廟區",105.2200000000000000,2.85,621.72,44.40,12.92,31.48,243.63
"67000","臺南市","67000300","龍崎區",118.8000000000000000,2.41,55.38,56.00,6.20,49.80,803.55
"67000","臺南市","67000310","永康區",95.9000000000000000,2.60,5833.33,36.43,17.33,19.10,110.24
"67000","臺南市","67000320","東區",90.9000000000000000,2.46,19536.59,45.42,19.70,25.71,130.50
"67000","臺南市","67000330","南區",96.4000000000000000,2.52,17799.00,41.99,12.82,29.16,227.42
"67000","臺南市","67000340","北區",93.5900000000000000,2.43,18209.90,41.96,15.60,26.36,168.97
"67000","臺南市","67000350","安南區",100.4600000000000000,2.83,1872.88,38.38,18.86,19.52,103.52
"67000","臺南市","67000360","安平區",89.2900000000000000,2.40,6209.30,34.12,15.73,18.38,116.83
"67000","臺南市","67000370","中西區",92.8300000000000000,2.35,12433.23,55.77,23.50,32.27,137.33
"64000","高雄市","64000010","鹽埕區",96.4200000000000000,2.10,15904.24,51.23,10.86,40.37,371.80
"64000","高雄市","64000020","鼓山區",91.5800000000000000,2.31,9508.35,47.57,21.34,26.23,122.96
"64000","高雄市","64000030","左營區",90.5900000000000000,2.37,10154.83,38.81,17.57,21.24,120.92
"64000","高雄市","64000040","楠梓區",95.1300000000000000,2.45,7443.28,40.76,20.10,20.66,102.82
"64000","高雄市","64000050","三民區",92.0800000000000000,2.34,16756.14,44.65,16.37,28.28,172.78
"64000","高雄市","64000060","新興區",91.0400000000000000,2.11,25058.69,56.07,16.79,39.28,233.93
"64000","高雄市","64000070","前金區",88.1100000000000000,1.96,14496.31,51.01,11.18,39.83,356.12
"64000","高雄市","64000080","苓雅區",90.6400000000000000,2.22,20061.46,52.29,16.39,35.90,219.06
"64000","高雄市","64000090","前鎮區",95.5200000000000000,2.26,9437.57,43.84,14.26,29.57,207.32
"64000","高雄市","64000100","旗津區",104.3200000000000000,2.46,18042.90,37.47,10.58,26.89,254.16
"64000","高雄市","64000110","小港區",96.9900000000000000,2.21,3410.39,38.89,16.16,22.73,140.68
"64000","高雄市","64000120","鳳山區",94.6300000000000000,2.41,13330.58,41.95,17.45,24.49,140.34
"64000","高雄市","64000130","林園區",100.3200000000000000,2.51,2115.22,38.38,14.99,23.39,156.10
"64000","高雄市","64000140","大寮區",103.0300000000000000,2.51,1572.85,36.79,13.40,23.39,174.52
"64000","高雄市","64000150","大樹區",103.7700000000000000,2.87,605.81,40.40,12.15,28.25,232.55
"64000","高雄市","64000160","大社區",102.2600000000000000,2.50,1266.21,37.08,12.15,24.93,205.13
"64000","高雄市","64000170","仁武區",101.0500000000000000,2.40,2670.48,35.07,15.70,19.37,123.36
"64000","高雄市","64000180","鳥松區",100.9300000000000000,2.26,1805.29,41.76,11.90,29.86,250.93
"64000","高雄市","64000190","岡山區",97.0300000000000000,2.66,1994.51,42.82,17.67,25.15,142.33
"64000","高雄市","64000200","橋頭區",99.9600000000000000,2.44,1582.09,40.85,14.19,26.66,187.91
"64000","高雄市","64000210","燕巢區",110.8000000000000000,2.65,441.13,40.88,11.88,29.00,244.06
"64000","高雄市","64000220","田寮區",122.7300000000000000,2.15,71.04,55.39,7.41,47.98,647.45
"64000","高雄市","64000230","阿蓮區",101.3200000000000000,2.90,796.30,41.54,15.02,26.52,176.58
"64000","高雄市","64000240","路竹區",102.3400000000000000,2.89,1043.92,45.23,17.85,27.38,153.40
"64000","高雄市","64000250","湖內區",102.8900000000000000,2.61,1471.37,38.52,13.86,24.66,177.87
"64000","高雄市","64000260","茄萣區",103.9800000000000000,2.74,1864.69,40.55,12.81,27.74,216.54
"64000","高雄市","64000270","永安區",99.6200000000000000,2.37,610.33,36.26,13.27,22.99,173.29
"64000","高雄市","64000280","彌陀區",103.8800000000000000,2.67,1244.48,39.68,13.21,26.47,200.40
"64000","高雄市","64000290","梓官區",105.0900000000000000,2.64,3000.51,37.43,12.16,25.27,207.69
"64000","高雄市","64000300","旗山區",105.3800000000000000,2.51,364.68,49.82,13.53,36.29,268.31
"64000","高雄市","64000310","美濃區",111.3700000000000000,2.47,309.97,55.45,10.80,44.64,413.19
"64000","高雄市","64000320","六龜區",115.7800000000000000,2.18,60.78,48.50,10.41,38.09,366.02
"64000","高雄市","64000330","甲仙區",111.4800000000000000,2.46,45.30,47.17,10.32,36.85,357.11
"64000","高雄市","64000340","杉林區",121.9700000000000000,2.33,105.78,49.19,10.02,39.16,390.80
"64000","高雄市","64000350","內門區",117.1700000000000000,2.61,139.29,45.88,8.80,37.09,421.67
"64000","高雄市","64000360","茂林區",97.8200000000000000,3.09,9.83,30.26,16.46,13.80,83.82
"64000","高雄市","64000370","桃源區",109.3000000000000000,3.08,4.58,32.08,19.04,13.04,68.52
"64000","高雄市","64000380","那瑪夏區",104.5100000000000000,3.64,12.55,39.48,25.12,14.36,57.17
"10002","宜蘭縣","10002010","宜蘭市",94.4500000000000000,2.49,3231.54,45.31,19.50,25.80,132.29
"10002","宜蘭縣","10002020","羅東鎮",89.2600000000000000,2.61,6186.62,51.28,23.08,28.19,122.15
"10002","宜蘭縣","10002030","蘇澳鎮",102.9900000000000000,2.60,423.00,45.26,13.42,31.84,237.25
"10002","宜蘭縣","10002040","頭城鎮",105.6900000000000000,2.65,280.83,42.09,14.22,27.87,196.05
"10002","宜蘭縣","10002050","礁溪鄉",106.7200000000000000,2.35,343.55,41.64,13.25,28.39,214.33
"10002","宜蘭縣","10002060","壯圍鄉",109.0900000000000000,2.58,634.59,37.58,11.44,26.14,228.41
"10002","宜蘭縣","10002070","員山鄉",111.5200000000000000,2.58,285.50,37.76,11.92,25.85,216.86
"10002","宜蘭縣","10002080","冬山鄉",102.4300000000000000,2.58,664.34,42.10,15.46,26.64,172.36
"10002","宜蘭縣","10002090","五結鄉",103.4300000000000000,2.49,1052.28,38.61,13.18,25.43,192.95
"10002","宜蘭縣","10002100","三星鄉",117.2500000000000000,2.31,146.96,40.96,10.57,30.39,287.60
"10002","宜蘭縣","10002110","大同鄉",115.8400000000000000,3.00,9.18,37.89,20.79,17.11,82.31
"10002","宜蘭縣","10002120","南澳鄉",104.8000000000000000,2.93,8.24,42.91,26.17,16.75,64.01
"10004","新竹縣","10004010","竹北市",98.6000000000000000,2.64,4564.62,43.56,30.94,12.62,40.78
"10004","新竹縣","10004020","竹東鎮",101.3700000000000000,2.66,1810.39,40.78,18.82,21.96,116.67
"10004","新竹縣","10004030","新埔鎮",113.4800000000000000,2.74,458.39,42.16,12.02,30.14,250.63
"10004","新竹縣","10004040","關西鎮",116.2000000000000000,2.86,214.88,46.19,13.20,32.99,249.84
"10004","新竹縣","10004050","湖口鄉",101.8600000000000000,2.66,1404.70,38.41,19.06,19.35,101.54
"10004","新竹縣","10004060","新豐鄉",105.2400000000000000,2.81,1269.16,38.83,20.75,18.09,87.19
"10004","新竹縣","10004070","芎林鄉",111.9800000000000000,2.75,497.33,39.44,12.45,26.99,216.79
"10004","新竹縣","10004080","橫山鄉",117.2700000000000000,2.79,184.07,48.54,12.52,36.03,287.85
"10004","新竹縣","10004090","北埔鄉",121.5900000000000000,2.77,169.73,45.44,11.36,34.08,299.85
"10004","新竹縣","10004100","寶山鄉",118.3800000000000000,2.39,222.24,34.05,10.34,23.70,229.16
"10004","新竹縣","10004110","峨眉鄉",121.6600000000000000,2.51,112.63,54.76,10.66,44.10,413.77
"10004","新竹縣","10004120","尖石鄉",109.0000000000000000,3.20,17.96,39.88,24.97,14.91,59.73
"10004","新竹縣","10004130","五峰鄉",118.5300000000000000,2.53,19.47,37.06,16.17,20.90,129.25
"10005","苗栗縣","10005010","苗栗市",98.4800000000000000,2.62,2275.75,46.48,17.37,29.11,167.61
"10005","苗栗縣","10005020","苑裡鎮",108.8200000000000000,2.84,642.57,38.75,13.55,25.20,186.03
"10005","苗栗縣","10005030","通霄鎮",112.6800000000000000,2.74,292.29,44.89,11.80,33.09,280.48
"10005","苗栗縣","10005040","竹南鎮",101.3200000000000000,2.70,2369.22,41.64,22.11,19.53,88.33
"10005","苗栗縣","10005050","頭份市",101.1600000000000000,2.71,1984.28,40.54,20.21,20.34,100.63
"10005","苗栗縣","10005060","後龍鎮",111.7500000000000000,2.80,450.63,41.44,13.63,27.81,204.04
"10005","苗栗縣","10005070","卓蘭鎮",110.0200000000000000,2.65,201.31,48.15,12.04,36.10,299.76
"10005","苗栗縣","10005080","大湖鄉",114.6500000000000000,2.54,144.21,46.37,11.43,34.94,305.67
"10005","苗栗縣","10005090","公館鄉",108.3300000000000000,2.86,438.57,43.49,14.55,28.94,198.87
"10005","苗栗縣","10005100","銅鑼鄉",113.0600000000000000,2.71,211.86,45.96,13.88,32.08,231.16
"10005","苗栗縣","10005110","南庄鄉",123.2600000000000000,2.36,53.99,45.45,10.55,34.90,330.86
"10005","苗栗縣","10005120","頭屋鄉",113.1500000000000000,2.72,187.72,44.43,10.49,33.94,323.46
"10005","苗栗縣","10005130","三義鄉",112.8100000000000000,2.67,216.82,43.10,13.90,29.20,210.14
"10005","苗栗縣","10005140","西湖鄉",128.5400000000000000,2.45,154.23,45.63,7.26,38.37,528.16
"10005","苗栗縣","10005150","造橋鄉",114.2100000000000000,2.80,243.72,42.22,11.12,31.10,279.56
"10005","苗栗縣","10005160","三灣鄉",120.5000000000000000,2.64,115.78,48.84,11.77,37.07,314.82
"10005","苗栗縣","10005170","獅潭鄉",121.7700000000000000,2.39,51.93,53.17,8.17,45.01,550.91
"10005","苗栗縣","10005180","泰安鄉",116.2100000000000000,2.85,9.25,36.19,13.83,22.36,161.70
"10007","彰化縣","10007010","彰化市",96.3900000000000000,2.86,3448.04,46.54,19.87,26.67,134.18
"10007","彰化縣","10007020","鹿港鎮",102.3300000000000000,3.31,2154.12,44.08,20.23,23.86,117.94
"10007","彰化縣","10007030","和美鎮",103.2000000000000000,3.16,2215.28,39.64,17.17,22.47,130.87
"10007","彰化縣","10007040","線西鄉",106.2500000000000000,3.52,897.95,39.36,15.49,23.87,154.13
"10007","彰化縣","10007050","伸港鄉",101.2600000000000000,3.44,1712.34,39.99,19.19,20.81,108.44
"10007","彰化縣","10007060","福興鄉",109.0700000000000000,3.36,908.94,39.80,15.30,24.50,160.15
"10007","彰化縣","10007070","秀水鄉",105.9200000000000000,3.35,1299.11,40.06,17.16,22.89,133.37
"10007","彰化縣","10007080","花壇鄉",104.7800000000000000,3.01,1215.10,38.30,14.22,24.08,169.35
"10007","彰化縣","10007090","芬園鄉",110.6300000000000000,3.25,586.40,43.72,13.60,30.12,221.57
"10007","彰化縣","10007100","員林市",97.1400000000000000,2.92,3067.44,46.38,20.63,25.75,124.82
"10007","彰化縣","10007110","溪湖鎮",102.3800000000000000,3.15,1683.35,44.36,20.62,23.74,115.13
"10007","彰化縣","10007120","田中鎮",104.6300000000000000,2.91,1141.87,44.83,14.83,30.00,202.37
"10007","彰化縣","10007130","大村鄉",102.7300000000000000,3.25,1307.77,38.22,16.38,21.84,133.33
"10007","彰化縣","10007140","埔鹽鄉",110.0500000000000000,3.31,807.52,41.06,13.06,28.00,214.45
"10007","彰化縣","10007150","埔心鄉",105.8200000000000000,3.01,1610.78,37.08,13.44,23.64,175.91
"10007","彰化縣","10007160","永靖鄉",106.9700000000000000,3.13,1711.15,41.52,15.39,26.13,169.75
"10007","彰化縣","10007170","社頭鄉",105.5600000000000000,3.09,1148.52,41.44,15.54,25.89,166.59
"10007","彰化縣","10007180","二水鄉",111.4700000000000000,2.64,475.74,50.54,11.49,39.05,339.94
"10007","彰化縣","10007190","北斗鎮",99.8900000000000000,2.91,1729.24,45.56,19.46,26.10,134.10
"10007","彰化縣","10007200","二林鎮",104.8200000000000000,3.09,518.53,45.56,14.92,30.64,205.41
"10007","彰化縣","10007210","田尾鄉",106.4800000000000000,3.13,1080.85,40.70,14.21,26.49,186.39
"10007","彰化縣","10007220","埤頭鄉",106.1700000000000000,3.16,680.43,45.70,16.02,29.68,185.30
"10007","彰化縣","10007230","芳苑鄉",112.1300000000000000,3.09,343.22,47.01,12.62,34.38,272.41
"10007","彰化縣","10007240","大城鄉",116.8900000000000000,2.98,238.18,50.51,10.57,39.94,377.95
"10007","彰化縣","10007250","竹塘鄉",109.6400000000000000,3.12,339.96,55.22,17.62,37.61,213.46
"10007","彰化縣","10007260","溪州鄉",108.4700000000000000,3.09,374.77,45.09,13.89,31.20,224.59
"10008","南投縣","10008010","南投市",99.1900000000000000,2.71,1362.00,44.54,17.06,27.48,161.09
"10008","南投縣","10008020","埔里鎮",97.9600000000000000,2.65,476.71,44.39,15.14,29.25,193.17
"10008","南投縣","10008030","草屯鎮",100.4700000000000000,2.79,932.02,42.42,15.81,26.60,168.22
"10008","南投縣","10008040","竹山鎮",103.9400000000000000,2.54,209.09,45.92,13.77,32.15,233.50
"10008","南投縣","10008050","集集鎮",109.9500000000000000,2.38,200.25,44.93,10.65,34.27,321.72
"10008","南投縣","10008060","名間鄉",111.3600000000000000,2.86,433.45,42.26,11.62,30.64,263.79
"10008","南投縣","10008070","鹿谷鄉",114.3800000000000000,2.08,114.81,49.49,9.83,39.66,403.55
"10008","南投縣","10008080","中寮鄉",120.7400000000000000,2.48,93.26,46.91,9.98,36.93,370.08
"10008","南投縣","10008090","魚池鄉",111.2800000000000000,2.61,121.95,46.86,11.55,35.31,305.76
"10008","南投縣","10008100","國姓鄉",117.7600000000000000,2.41,96.80,43.96,9.60,34.36,358.02
"10008","南投縣","10008110","水里鄉",110.6000000000000000,2.31,151.58,50.39,11.98,38.41,320.62
"10008","南投縣","10008120","信義鄉",114.3500000000000000,2.93,10.86,39.04,19.27,19.77,102.62
"10008","南投縣","10008130","仁愛鄉",104.8800000000000000,3.21,12.20,41.78,22.40,19.38,86.52
"10009","雲林縣","10009010","斗六市",97.5600000000000000,2.67,1152.61,42.19,18.42,23.77,129.07
"10009","雲林縣","10009020","斗南鎮",102.4300000000000000,2.63,900.26,43.62,14.79,28.82,194.85
"10009","雲林縣","10009030","虎尾鎮",101.1000000000000000,2.64,1023.39,43.75,18.80,24.95,132.72
"10009","雲林縣","10009040","西螺鎮",100.5800000000000000,2.90,894.20,47.43,18.50,28.93,156.37
"10009","雲林縣","10009050","土庫鎮",109.1300000000000000,2.85,564.27,48.11,16.04,32.07,199.90
"10009","雲林縣","10009060","北港鎮",106.5800000000000000,2.35,907.69,46.72,15.47,31.25,201.91
"10009","雲林縣","10009070","古坑鄉",110.0800000000000000,2.62,180.18,45.46,12.09,33.37,275.88
"10009","雲林縣","10009080","大埤鄉",113.0600000000000000,2.71,401.38,44.95,12.23,32.72,267.52
"10009","雲林縣","10009090","莿桐鄉",108.5800000000000000,2.90,540.43,44.28,14.24,30.04,210.87
"10009","雲林縣","10009100","林內鄉",110.6400000000000000,2.79,448.97,44.74,14.33,30.42,212.33
"10009","雲林縣","10009110","二崙鄉",115.0300000000000000,2.80,419.51,48.56,12.16,36.39,299.17
"10009","雲林縣","10009120","崙背鄉",111.8900000000000000,2.66,393.46,49.55,14.27,35.28,247.33
"10009","雲林縣","10009130","麥寮鄉",98.0000000000000000,3.16,614.68,37.06,18.82,18.24,96.94
"10009","雲林縣","10009140","東勢鄉",124.6600000000000000,2.36,278.81,47.28,9.98,37.30,373.52
"10009","雲林縣","10009150","褒忠鄉",115.7600000000000000,2.70,322.92,46.53,12.28,34.25,278.86
"10009","雲林縣","10009160","臺西鄉",114.8300000000000000,2.62,406.00,41.68,10.16,31.52,310.22
"10009","雲林縣","10009170","元長鄉",121.0300000000000000,2.61,328.83,52.22,11.15,41.08,368.45
"10009","雲林縣","10009180","四湖鄉",120.5400000000000000,2.50,275.96,44.33,9.09,35.25,387.84
"10009","雲林縣","10009190","口湖鄉",113.9600000000000000,2.74,313.62,41.88,10.38,31.50,303.52
"10009","雲林縣","10009200","水林鄉",120.7800000000000000,2.44,315.32,51.25,10.37,40.87,393.98
"10010","嘉義縣","10010010","太保市",102.7100000000000000,2.74,584.11,37.87,17.19,20.68,120.34
"10010","嘉義縣","10010020","朴子市",100.9600000000000000,2.54,823.38,47.27,17.26,30.01,173.85
"10010","嘉義縣","10010030","布袋鎮",103.7000000000000000,2.57,402.28,42.71,9.59,33.12,345.56
"10010","嘉義縣","10010040","大林鎮",102.9900000000000000,2.57,463.26,48.59,13.09,35.51,271.31
"10010","嘉義縣","10010050","民雄鄉",103.6300000000000000,2.67,823.68,39.26,13.65,25.61,187.53
"10010","嘉義縣","10010060","溪口鄉",115.0900000000000000,2.57,403.74,49.19,9.87,39.32,398.19
"10010","嘉義縣","10010070","新港鄉",111.9300000000000000,2.78,457.69,46.37,12.66,33.71,266.23
"10010","嘉義縣","10010080","六腳鄉",113.6700000000000000,2.45,337.75,51.67,8.30,43.37,522.42
"10010","嘉義縣","10010090","東石鄉",112.2800000000000000,2.56,280.44,45.27,8.89,36.38,409.29
"10010","嘉義縣","10010100","義竹鄉",109.1800000000000000,2.37,211.74,52.50,9.20,43.30,470.58
"10010","嘉義縣","10010110","鹿草鄉",117.0800000000000000,2.49,262.58,53.24,9.47,43.77,462.43
"10010","嘉義縣","10010120","水上鄉",106.7900000000000000,2.55,692.19,38.12,9.84,28.28,287.47
"10010","嘉義縣","10010130","中埔鄉",107.6200000000000000,2.64,330.27,41.08,11.42,29.66,259.84
"10010","嘉義縣","10010140","竹崎鄉",113.5300000000000000,2.86,206.89,46.06,12.02,34.04,283.34
"10010","嘉義縣","10010150","梅山鄉",113.4600000000000000,2.65,149.62,50.29,11.17,39.12,350.15
"10010","嘉義縣","10010160","番路鄉",114.3700000000000000,2.57,92.90,43.75,10.10,33.65,333.25
"10010","嘉義縣","10010170","大埔鄉",103.2300000000000000,2.33,25.75,41.31,12.13,29.17,240.47
"10010","嘉義縣","10010180","阿里山鄉",107.4100000000000000,2.88,12.50,41.32,15.54,25.79,165.99
"10013","屏東縣","10013010","屏東市",96.0000000000000000,2.55,2980.57,43.41,16.44,26.97,164.07
"10013","屏東縣","10013020","潮州鎮",97.9700000000000000,2.59,1257.65,40.60,14.13,26.47,187.32
"10013","屏東縣","10013030","東港鎮",100.9600000000000000,2.62,1560.20,40.87,16.95,23.92,141.16
"10013","屏東縣","10013040","恆春鎮",103.6300000000000000,2.48,218.00,40.08,16.51,23.57,142.70
"10013","屏東縣","10013050","萬丹鄉",107.1500000000000000,3.07,859.75,41.20,14.65,26.55,181.20
"10013","屏東縣","10013060","長治鄉",106.8600000000000000,2.72,730.76,39.31,11.36,27.95,246.13
"10013","屏東縣","10013070","麟洛鄉",105.0200000000000000,2.62,653.51,45.60,9.88,35.72,361.58
"10013","屏東縣","10013080","九如鄉",105.2700000000000000,2.88,514.75,39.41,12.86,26.55,206.47
"10013","屏東縣","10013090","里港鄉",101.9300000000000000,3.03,372.98,44.78,17.18,27.60,160.60
"10013","屏東縣","10013100","鹽埔鄉",107.7100000000000000,3.01,375.26,40.37,12.38,28.00,226.21
"10013","屏東縣","10013110","高樹鄉",112.0800000000000000,2.53,255.01,50.86,11.23,39.64,353.01
"10013","屏東縣","10013120","萬巒鄉",108.9700000000000000,2.92,318.22,47.17,13.71,33.46,244.11
"10013","屏東縣","10013130","內埔鄉",105.1700000000000000,2.69,641.34,41.47,11.91,29.56,248.14
"10013","屏東縣","10013140","竹田鄉",112.7200000000000000,2.81,548.62,45.13,9.80,35.33,360.54
"10013","屏東縣","10013150","新埤鄉",112.5900000000000000,2.73,160.79,45.21,9.64,35.57,368.89
"10013","屏東縣","10013160","枋寮鄉",108.0100000000000000,2.62,396.04,45.74,12.20,33.54,274.92
"10013","屏東縣","10013170","新園鄉",107.2800000000000000,2.75,858.71,37.52,10.16,27.35,269.19
"10013","屏東縣","10013180","崁頂鄉",100.8700000000000000,3.26,486.02,59.40,29.97,29.43,98.21
"10013","屏東縣","10013190","林邊鄉",103.5500000000000000,2.52,1063.28,48.67,12.71,35.96,282.96
"10013","屏東縣","10013200","南州鄉",103.7700000000000000,2.61,524.93,47.05,9.66,37.39,387.16
"10013","屏東縣","10013210","佳冬鄉",105.6200000000000000,2.59,581.94,45.83,11.40,34.44,302.20
"10013","屏東縣","10013220","琉球鄉",118.2000000000000000,2.50,1804.82,38.71,12.01,26.70,222.30
"10013","屏東縣","10013230","車城鄉",115.1400000000000000,2.29,162.22,45.45,10.72,34.73,323.99
"10013","屏東縣","10013240","滿州鄉",117.0500000000000000,2.43,51.47,38.07,8.60,29.47,342.54
"10013","屏東縣","10013250","枋山鄉",108.2300000000000000,2.52,293.00,37.91,8.69,29.22,336.05
"10013","屏東縣","10013260","三地門鄉",100.3100000000000000,3.20,39.53,36.69,17.62,19.07,108.19
"10013","屏東縣","10013270","霧臺鄉",104.6800000000000000,2.95,11.76,35.11,13.31,21.80,163.78
"10013","屏東縣","10013280","瑪家鄉",100.8700000000000000,3.12,85.53,34.57,16.29,18.27,112.15
"10013","屏東縣","10013290","泰武鄉",105.5800000000000000,3.63,44.73,38.43,21.42,17.01,79.42
"10013","屏東縣","10013300","來義鄉",99.7000000000000000,3.21,44.21,37.48,18.92,18.55,98.04
"10013","屏東縣","10013310","春日鄉",102.8400000000000000,3.29,30.39,40.03,20.59,19.44,94.41
"10013","屏東縣","10013320","獅子鄉",105.5900000000000000,2.97,16.00,34.63,13.86,20.77,149.80
"10013","屏東縣","10013330","牡丹鄉",98.8800000000000000,2.34,26.46,38.29,15.26,23.02,150.85
"10014","臺東縣","10014010","臺東市",98.1400000000000000,2.52,940.98,43.98,18.35,25.62,139.61
"10014","臺東縣","10014020","成功鎮",110.5800000000000000,2.45,91.11,45.77,12.00,33.77,281.39
"10014","臺東縣","10014030","關山鎮",105.7100000000000000,2.54,137.92,49.30,15.43,33.87,219.59
"10014","臺東縣","10014040","卑南鄉",109.3800000000000000,2.43,40.52,40.31,12.38,27.92,225.47
"10014","臺東縣","10014050","鹿野鄉",110.3700000000000000,2.42,80.54,44.39,9.83,34.56,351.42
"10014","臺東縣","10014060","池上鄉",104.6000000000000000,2.51,95.66,50.58,14.07,36.51,259.54
"10014","臺東縣","10014070","東河鄉",119.2100000000000000,2.19,37.90,48.04,9.78,38.26,391.44
"10014","臺東縣","10014080","長濱鄉",126.9400000000000000,2.32,43.05,49.90,9.49,40.41,425.77
"10014","臺東縣","10014090","太麻里鄉",112.6700000000000000,2.22,111.12,42.82,12.07,30.74,254.63
"10014","臺東縣","10014100","大武鄉",109.7400000000000000,2.26,80.99,40.21,14.15,26.06,184.25
"10014","臺東縣","10014110","綠島鄉",115.4400000000000000,3.50,288.50,27.38,11.06,16.33,147.62
"10014","臺東縣","10014120","海端鄉",111.9000000000000000,3.85,4.79,36.18,22.37,13.82,61.76
"10014","臺東縣","10014130","延平鄉",110.0400000000000000,3.33,7.90,34.78,20.48,14.30,69.84
"10014","臺東縣","10014140","金峰鄉",100.2700000000000000,3.08,9.75,35.78,19.47,16.32,83.83
"10014","臺東縣","10014150","達仁鄉",118.9800000000000000,2.38,11.25,33.01,12.88,20.13,156.29
"10014","臺東縣","10014160","蘭嶼鄉",99.7000000000000000,2.72,109.94,30.20,18.23,11.97,65.64
"10015","花蓮縣","10015010","花蓮市",91.9300000000000000,2.38,3377.68,48.44,20.76,27.67,133.28
"10015","花蓮縣","10015020","鳳林鎮",107.3900000000000000,2.42,87.28,59.26,15.56,43.69,280.74
"10015","花蓮縣","10015030","玉里鎮",111.4000000000000000,2.51,87.92,48.67,13.78,34.89,253.31
"10015","花蓮縣","10015040","新城鄉",103.3000000000000000,2.43,691.55,37.94,14.97,22.97,153.47
"10015","花蓮縣","10015050","吉安鄉",98.9900000000000000,2.49,1272.90,38.74,13.24,25.50,192.63
"10015","花蓮縣","10015060","壽豐鄉",112.0600000000000000,2.31,78.07,44.99,12.12,32.87,271.11
"10015","花蓮縣","10015070","光復鄉",112.8500000000000000,2.40,75.30,51.82,11.65,40.17,344.71
"10015","花蓮縣","10015080","豐濱鄉",127.4400000000000000,2.54,26.23,46.29,10.34,35.95,347.84
"10015","花蓮縣","10015090","瑞穗鄉",114.2500000000000000,2.29,80.18,51.18,12.97,38.20,294.43
"10015","花蓮縣","10015100","富里鄉",117.2600000000000000,2.39,54.58,51.13,11.59,39.54,341.33
"10015","花蓮縣","10015110","秀林鄉",103.9800000000000000,3.30,10.42,36.21,21.76,14.45,66.40
"10015","花蓮縣","10015120","萬榮鄉",110.0600000000000000,2.88,9.86,32.75,17.56,15.19,86.49
"10015","花蓮縣","10015130","卓溪鄉",118.2600000000000000,3.46,5.89,37.31,21.65,15.67,72.36
"10016","澎湖縣","10016010","馬公市",103.1200000000000000,2.44,1872.48,38.57,14.83,23.74,160.15
"10016","澎湖縣","10016020","湖西鄉",110.1500000000000000,2.47,478.73,37.51,11.68,25.83,221.20
"10016","澎湖縣","10016030","白沙鄉",105.9100000000000000,2.77,502.80,41.64,12.89,28.75,223.07
"10016","澎湖縣","10016040","西嶼鄉",105.2300000000000000,2.65,442.80,47.64,12.04,35.60,295.56
"10016","澎湖縣","10016050","望安鄉",116.3400000000000000,2.67,393.84,43.29,10.80,32.50,300.98
"10016","澎湖縣","10016060","七美鄉",103.2300000000000000,2.60,559.05,39.75,12.16,27.58,226.76
"10017","基隆市","10017010","中正區",102.2400000000000000,2.15,6656.94,41.36,11.19,30.16,269.48
"10017","基隆市","10017020","七堵區",99.6600000000000000,2.38,941.03,40.52,14.22,26.29,184.83
"10017","基隆市","10017030","暖暖區",99.4700000000000000,2.34,1686.37,37.67,14.04,23.62,168.22
"10017","基隆市","10017040","仁愛區",96.4700000000000000,2.18,9760.25,56.28,20.73,35.55,171.53
"10017","基隆市","10017050","中山區",102.9900000000000000,2.33,3300.44,39.38,10.97,28.41,258.90
"10017","基隆市","10017060","安樂區",97.3100000000000000,2.34,4469.90,40.45,14.42,26.03,180.56
"10017","基隆市","10017070","信義區",97.1500000000000000,2.30,4752.45,40.80,12.75,28.05,219.90
"10018","新竹市","10018010","東區",97.1500000000000000,2.57,23991.82,48.55,28.75,19.80,68.87
"10018","新竹市","10018020","北區",95.1700000000000000,2.49,22057.34,41.93,19.26,22.67,117.70
"10018","新竹市","10018030","香山區",102.6300000000000000,2.69,1436.71,35.25,15.61,19.64,125.82
"10020","嘉義市","10020010","東區",90.9700000000000000,2.54,12736.85,45.38,17.58,27.80,158.07
"10020","嘉義市","10020020","西區",94.1200000000000000,2.58,25496.83,42.77,18.44,24.32,131.90
"09020","金門縣","09020010","金城鎮",98.4200000000000000,3.21,1981.35,36.53,12.24,24.29,198.37
"09020","金門縣","09020020","金沙鎮",96.1600000000000000,3.13,504.95,35.55,9.08,26.47,291.32
"09020","金門縣","09020030","金湖鎮",98.8200000000000000,3.16,744.00,34.17,12.34,21.83,176.84
"09020","金門縣","09020040","金寧鄉",99.9900000000000000,3.38,1162.19,28.75,10.44,18.30,175.30
"09020","金門縣","09020050","烈嶼鄉",98.0600000000000000,3.90,795.91,32.28,7.80,24.48,313.85
"09020","金門縣","09020060","烏坵鄉",106.5000000000000000,5.05,555.83,28.27,12.88,15.38,119.40
"09007","連江縣","09007010","南竿鄉",127.5200000000000000,3.77,752.12,35.82,16.08,19.74,122.79
"09007","連江縣","09007020","北竿鄉",134.1600000000000000,3.42,315.76,28.64,10.49,18.15,172.94
"09007","連江縣","09007030","莒光鄉",163.6500000000000000,4.35,316.38,32.18,7.82,24.36,311.36
"09007","連江縣","09007040","東引鄉",166.6100000000000000,4.27,409.74,25.67,12.59,13.08,103.85
